<?xml version="1.0" encoding="UTF-8"?>
<rss version="2.0">
<channel><title>H&BHoldings</title><link>https://69118ec76533f.site123.me</link><item><title>비사업자 유선카드 단말기 - 복사</title><pubDate>2025-11-13 13:21:00</pubDate><link>https://69118ec76533f.site123.me/%EB%8B%A8%EB%A7%90%EA%B8%B0/%EB%B9%84%EC%82%AC%EC%97%85%EC%9E%90-%EC%9C%A0%EC%84%A0%EC%B9%B4%EB%93%9C-%EB%8B%A8%EB%A7%90%EA%B8%B0-%EB%B3%B5%EC%82%AC</link><description>비사업자 무선카드 단말기에 대해서 자세한 설명을 보시려면 아래 더보기를 누르세요.</description></item><item><title>사업자 유선카드 단말기</title><pubDate>2025-11-13 13:21:00</pubDate><link>https://69118ec76533f.site123.me/%EB%8B%A8%EB%A7%90%EA%B8%B0/%EC%82%AC%EC%97%85%EC%9E%90-%EC%9C%A0%EC%84%A0%EC%B9%B4%EB%93%9C-%EB%8B%A8%EB%A7%90%EA%B8%B0</link><description>사업자 유선카드 단말기에 대해서 자세한 설명을 보시려면 아래 더보기를 누르세요.</description></item><item><title>사업자 무선카드 단말기</title><pubDate>2025-11-13 13:21:00</pubDate><link>https://69118ec76533f.site123.me/%EB%8B%A8%EB%A7%90%EA%B8%B0/%EC%82%AC%EC%97%85%EC%9E%90-%EB%AC%B4%EC%84%A0%EC%B9%B4%EB%93%9C-%EB%8B%A8%EB%A7%90%EA%B8%B0</link><description>사업자 무선카드 단말기에 대해서 자세한 설명을 보시려면 아래 더보기를 누르세요.</description></item><item><title>비사업자 유선카드 단말기</title><pubDate>2025-11-13 13:21:00</pubDate><link>https://69118ec76533f.site123.me/%EB%8B%A8%EB%A7%90%EA%B8%B0/%EB%B9%84%EC%82%AC%EC%97%85%EC%9E%90-%EC%9C%A0%EC%84%A0%EC%B9%B4%EB%93%9C-%EB%8B%A8%EB%A7%90%EA%B8%B0-1</link><description>비사업자 유선카드 단말기에 대해서 자세한 설명을 보시려면 아래 더보기를 누르세요.</description></item></channel></rss>